name,domain,status,brand_score
melivia,melivia.ai,possibly_available,105
calerra,calerra.ai,possibly_available,105
avirvra,avirvra.ai,possibly_available,105
senovra,senovra.ai,possibly_available,105
velaira,velaira.ai,possibly_available,105
evivora,evivora.ai,possibly_available,105
elenvia,elenvia.ai,possibly_available,105
evovrio,evovrio.ai,possibly_available,105
norovva,norovva.ai,possibly_available,105
corovio,corovio.ai,possibly_available,105
brovora,brovora.ai,possibly_available,105
koronra,koronra.ai,possibly_available,105
delerva,delerva.ai,possibly_available,105
navoria,navoria.ai,possibly_available,105
verirra,verirra.ai,possibly_available,105
orinvra,orinvra.ai,possibly_available,105
solulva,solulva.ai,possibly_available,105
velerra,velerra.ai,possibly_available,105
orirria,orirria.ai,possibly_available,105
valevva,valevva.ai,possibly_available,105
calovia,calovia.ai,possibly_available,105
orevora,orevora.ai,possibly_available,105
orervra,orervra.ai,possibly_available,105
orulria,orulria.ai,possibly_available,105
orenvia,orenvia.ai,possibly_available,105
calorra,calorra.ai,possibly_available,105
delavio,delavio.ai,possibly_available,105
lumivia,lumivia.ai,possibly_available,105
falivio,falivio.ai,possibly_available,105
avirvio,avirvio.ai,possibly_available,105
norevia,norevia.ai,possibly_available,105
oronrio,oronrio.ai,possibly_available,105
corovia,corovia.ai,possibly_available,105
veriria,veriria.ai,possibly_available,105
verovra,verovra.ai,possibly_available,105
delerio,delerio.ai,possibly_available,105
corevva,corevva.ai,possibly_available,105
delivia,delivia.ai,possibly_available,105
relavio,relavio.ai,possibly_available,105
verorra,verorra.ai,possibly_available,105
helirio,helirio.ai,possibly_available,105
ravorva,ravorva.ai,possibly_available,105
lumiria,lumiria.ai,possibly_available,105
lumevio,lumevio.ai,possibly_available,105
brevrio,brevrio.ai,possibly_available,105
navonra,navonra.ai,possibly_available,105
korivva,korivva.ai,possibly_available,105
ravavio,ravavio.ai,possibly_available,105
kalivva,kalivva.ai,possibly_available,105
velinva,velinva.ai,possibly_available,105
velenra,velenra.ai,possibly_available,105
vererva,vererva.ai,possibly_available,105
evivvia,evivvia.ai,possibly_available,105
elevvra,elevvra.ai,possibly_available,105
evulria,evulria.ai,possibly_available,105
senonra,senonra.ai,possibly_available,105
orevvia,orevvia.ai,possibly_available,105
senivva,senivva.ai,possibly_available,105
kalonra,kalonra.ai,possibly_available,105
relirio,relirio.ai,possibly_available,105
lumaira,lumaira.ai,possibly_available,105
telorra,telorra.ai,possibly_available,105
talinva,talinva.ai,possibly_available,105
coronva,coronva.ai,possibly_available,105
delovva,delovva.ai,possibly_available,105
telulva,telulva.ai,possibly_available,105
verulra,verulra.ai,possibly_available,105
brivvra,brivvra.ai,possibly_available,105
solulra,solulra.ai,possibly_available,105
nelavia,nelavia.ai,possibly_available,105
norevva,norevva.ai,possibly_available,105
ravonra,ravonra.ai,possibly_available,105
melirra,melirra.ai,possibly_available,105
nelirva,nelirva.ai,possibly_available,105
oronvra,oronvra.ai,possibly_available,105
valulra,valulra.ai,possibly_available,105
coravra,coravra.ai,possibly_available,105
avevvia,avevvia.ai,possibly_available,105
brulrio,brulrio.ai,possibly_available,105
ravinva,ravinva.ai,possibly_available,105
ravevia,ravevia.ai,possibly_available,105
corivia,corivia.ai,possibly_available,105
ravoria,ravoria.ai,possibly_available,105
corerio,corerio.ai,possibly_available,105
evivrio,evivrio.ai,possibly_available,105
solovio,solovio.ai,possibly_available,105
navovva,navovva.ai,possibly_available,105
kalavra,kalavra.ai,possibly_available,105
norevio,norevio.ai,possibly_available,105
elirvra,elirvra.ai,possibly_available,105
senerva,senerva.ai,possibly_available,105
naverra,naverra.ai,possibly_available,105
veroria,veroria.ai,possibly_available,105
kalirio,kalirio.ai,possibly_available,105
senovva,senovva.ai,possibly_available,105
falinva,falinva.ai,possibly_available,105
helivra,helivra.ai,possibly_available,105
elorvra,elorvra.ai,possibly_available,105
kalovva,kalovva.ai,possibly_available,105
lumonva,lumonva.ai,possibly_available,105
elulria,elulria.ai,possibly_available,105
kalulra,kalulra.ai,possibly_available,105
helirra,helirra.ai,possibly_available,105
telorva,telorva.ai,possibly_available,105
helaiva,helaiva.ai,possibly_available,105
navivio,navivio.ai,possibly_available,105
koraiva,koraiva.ai,possibly_available,105
melevio,melevio.ai,possibly_available,105
relavra,relavra.ai,possibly_available,105
brinrio,brinrio.ai,possibly_available,105
kalaiva,kalaiva.ai,possibly_available,105
veravra,veravra.ai,possibly_available,105
brenvia,brenvia.ai,possibly_available,105
orenvra,orenvra.ai,possibly_available,105
avivria,avivria.ai,possibly_available,105
ravovia,ravovia.ai,possibly_available,105
korenva,korenva.ai,possibly_available,105
helonra,helonra.ai,possibly_available,105
evenrio,evenrio.ai,possibly_available,105
melerva,melerva.ai,possibly_available,105
korevra,korevra.ai,possibly_available,105
calirva,calirva.ai,possibly_available,105
relivio,relivio.ai,possibly_available,105
oronvio,oronvio.ai,possibly_available,105
nelinra,nelinra.ai,possibly_available,105
avairio,avairio.ai,possibly_available,105
evorrio,evorrio.ai,possibly_available,105
verorio,verorio.ai,possibly_available,105
senevio,senevio.ai,possibly_available,105
melevra,melevra.ai,possibly_available,105
teliria,teliria.ai,possibly_available,105
calulra,calulra.ai,possibly_available,105
korerio,korerio.ai,possibly_available,105
solorva,solorva.ai,possibly_available,105
coraria,coraria.ai,possibly_available,105
avovora,avovora.ai,possibly_available,105
kororra,kororra.ai,possibly_available,105
evevora,evevora.ai,possibly_available,105
corenva,corenva.ai,possibly_available,105
navivva,navivva.ai,possibly_available,105
valovio,valovio.ai,possibly_available,105
avaivra,avaivra.ai,possibly_available,105
veronra,veronra.ai,possibly_available,105
melirio,melirio.ai,possibly_available,105
oronvia,oronvia.ai,possibly_available,105
velivia,velivia.ai,possibly_available,105
elulvra,elulvra.ai,possibly_available,105
naverva,naverva.ai,possibly_available,105
brenvra,brenvra.ai,possibly_available,105
avaivia,avaivia.ai,possibly_available,105
naviria,naviria.ai,possibly_available,105
avenria,avenria.ai,possibly_available,105
kalario,kalario.ai,possibly_available,105
avovria,avovria.ai,possibly_available,105
verivio,verivio.ai,possibly_available,105
evorvra,evorvra.ai,possibly_available,105
melavio,melavio.ai,possibly_available,105
calorio,calorio.ai,possibly_available,105
elirrio,elirrio.ai,possibly_available,105
solenva,solenva.ai,possibly_available,105
orenvio,orenvio.ai,possibly_available,105
verenva,verenva.ai,possibly_available,105
avulria,avulria.ai,possibly_available,105
elovrio,elovrio.ai,possibly_available,105
falovva,falovva.ai,possibly_available,105
nelario,nelario.ai,possibly_available,105
elevria,elevria.ai,possibly_available,105
kalirra,kalirra.ai,possibly_available,105
ravavia,ravavia.ai,possibly_available,105
nelivva,nelivva.ai,possibly_available,105
nororra,nororra.ai,possibly_available,105
delirra,delirra.ai,possibly_available,105
telaria,telaria.ai,possibly_available,105
verovio,verovio.ai,possibly_available,105
evinvio,evinvio.ai,possibly_available,105
relulva,relulva.ai,possibly_available,105
evinria,evinria.ai,possibly_available,105
evovria,evovria.ai,possibly_available,105
brovvra,brovvra.ai,possibly_available,105
verevra,verevra.ai,possibly_available,105
lumonra,lumonra.ai,possibly_available,105
lumevva,lumevva.ai,possibly_available,105
oraivia,oraivia.ai,possibly_available,105
brirvia,brirvia.ai,possibly_available,105
verovva,verovva.ai,possibly_available,105
delorva,delorva.ai,possibly_available,105
braivra,braivra.ai,possibly_available,105
ravevio,ravevio.ai,possibly_available,105
norivva,norivva.ai,possibly_available,105
koraria,koraria.ai,possibly_available,105
helovra,helovra.ai,possibly_available,105
verario,verario.ai,possibly_available,105
avevvra,avevvra.ai,possibly_available,105
solirra,solirra.ai,possibly_available,105
solorio,solorio.ai,possibly_available,105
calerio,calerio.ai,possibly_available,105
heleria,heleria.ai,possibly_available,105
coronra,coronra.ai,possibly_available,105
brervia,brervia.ai,possibly_available,105
helerio,helerio.ai,possibly_available,105
calevva,calevva.ai,possibly_available,105
brivria,brivria.ai,possibly_available,105
telaiva,telaiva.ai,possibly_available,105
raverva,raverva.ai,possibly_available,105
oravora,oravora.ai,possibly_available,105
calenva,calenva.ai,possibly_available,105
senulva,senulva.ai,possibly_available,105
nelivra,nelivra.ai,possibly_available,105
elivrio,elivrio.ai,possibly_available,105
falenva,falenva.ai,possibly_available,105
evervra,evervra.ai,possibly_available,105
senirio,senirio.ai,possibly_available,105
helario,helario.ai,possibly_available,105
korovra,korovra.ai,possibly_available,105
helulra,helulra.ai,possibly_available,105
calario,calario.ai,possibly_available,105
brovvio,brovvio.ai,possibly_available,105
calonra,calonra.ai,possibly_available,105
talovra,talovra.ai,possibly_available,105
caleria,caleria.ai,possibly_available,105
melenra,melenra.ai,possibly_available,105
orulvio,orulvio.ai,possibly_available,105
orirrio,orirrio.ai,possibly_available,105
nelevio,nelevio.ai,possibly_available,105
verinra,verinra.ai,possibly_available,105
avenrio,avenrio.ai,possibly_available,105
avorvia,avorvia.ai,possibly_available,105
verulva,verulva.ai,possibly_available,105
orovria,orovria.ai,possibly_available,105
falenra,falenra.ai,possibly_available,105
relorra,relorra.ai,possibly_available,105
navirva,navirva.ai,possibly_available,105
avovrio,avovrio.ai,possibly_available,105
ravivva,ravivva.ai,possibly_available,105
kalivra,kalivra.ai,possibly_available,105
norerva,norerva.ai,possibly_available,105
elirvia,elirvia.ai,possibly_available,105
neleria,neleria.ai,possibly_available,105
orovrio,orovrio.ai,possibly_available,105
delivio,delivio.ai,possibly_available,105
lumerva,lumerva.ai,possibly_available,105
solaiva,solaiva.ai,possibly_available,105
nelulra,nelulra.ai,possibly_available,105
orivora,orivora.ai,possibly_available,105
verevio,verevio.ai,possibly_available,105
orulvra,orulvra.ai,possibly_available,105
elaivra,elaivra.ai,possibly_available,105
evonrio,evonrio.ai,possibly_available,105
velevia,velevia.ai,possibly_available,105
relonra,relonra.ai,possibly_available,105
falevio,falevio.ai,possibly_available,105
senevra,senevra.ai,possibly_available,105
calavra,calavra.ai,possibly_available,105
avirvia,avirvia.ai,possibly_available,105
talavia,talavia.ai,possibly_available,105
talevio,talevio.ai,possibly_available,105
elovria,elovria.ai,possibly_available,105
brirvra,brirvra.ai,possibly_available,105
coreria,coreria.ai,possibly_available,105
senevva,senevva.ai,possibly_available,105
noririo,noririo.ai,possibly_available,105
kalerio,kalerio.ai,possibly_available,105
solirio,solirio.ai,possibly_available,105
falorva,falorva.ai,possibly_available,105
brairia,brairia.ai,possibly_available,105
telulra,telulra.ai,possibly_available,105
nelonva,nelonva.ai,possibly_available,105
solerva,solerva.ai,possibly_available,105
calulva,calulva.ai,possibly_available,105
nelerra,nelerra.ai,possibly_available,105
talirio,talirio.ai,possibly_available,105
noraira,noraira.ai,possibly_available,105
talirva,talirva.ai,possibly_available,105
elivria,elivria.ai,possibly_available,105
soliria,soliria.ai,possibly_available,105
avervia,avervia.ai,possibly_available,105
vereria,vereria.ai,possibly_available,105
elivvia,elivvia.ai,possibly_available,105
seniria,seniria.ai,possibly_available,105
valirva,valirva.ai,possibly_available,105
bronvia,bronvia.ai,possibly_available,105
valavra,valavra.ai,possibly_available,105
calovva,calovva.ai,possibly_available,105
avervio,avervio.ai,possibly_available,105
elevora,elevora.ai,registered,105
velaria,velaria.ai,registered,105
lumerra,lumerra.ai,registered,105
meloria,meloria.ai,registered,105
kalorio,kalorio.ai,registered,105
soleria,soleria.ai,registered,105
relivra,relivra.ai,registered,105
valeria,valeria.ai,registered,105
telaira,telaira.ai,registered,105
relevio,relevio.ai,registered,105
taliria,taliria.ai,registered,105
solaria,solaria.ai,registered,105
bravora,bravora.ai,registered,105
solario,solario.ai,registered,105
verovia,verovia.ai,registered,105
velario,velario.ai,registered,105
